apples,oranges
257428.3795,6027.698736
291542.9101,7159.35276
219721.2037,5239.67202
244038.7398,5624.838497
290451.4241,6699.091438
300031.1032,6884.161781
440826.5818,9913.102891
431510.0417,9967.855832
267676.7487,6405.847897
293972.3323,6767.824931
313268.0529,7393.973703
233805.3428,5431.498597
267472.5186,6557.947274
